Team,GP,W,L,Min,Pts,FGM,FGA,FG%,3PM,3PA,3P%,FTM,FTA,FT%,OReb,DReb,Reb,Ast,TO,Stl,Blk,PF,+/-,Pace
Milwaukee Bucks,27,15,12,2.0,3.9,1.1,2.9,38.5,0.2,0.4,50.0,1.4,1.7,83.0,0.4,1.3,1.7,0.5,0.5,0.2,0.1,0.9,0.4,95.05
Charlotte Hornets,26,16,10,1.8,4.0,1.1,2.8,39.7,0.3,0.7,42.1,1.4,1.8,80.4,0.5,1.2,1.7,0.7,0.6,0.5,0.4,0.9,0.6,97.91
Indiana Pacers,25,13,12,2.1,4.4,1.3,3.9,33.0,0.4,1.0,40.0,1.5,2.2,68.5,0.8,1.8,2.6,0.6,0.6,0.3,0.3,1.4,0.8,104.99
Detroit Pistons,24,13,11,1.7,3.9,1.1,2.8,40.9,0.4,0.8,50.0,1.3,1.5,81.1,0.6,0.8,1.5,0.9,0.7,0.5,0.1,1.3,0.1,105.48
Seattle SuperSonics,24,13,11,1.7,3.7,1.0,2.3,41.1,0.3,0.8,38.9,1.5,2.1,72.0,0.3,1.3,1.5,0.5,0.5,0.4,0.2,1.2,-0.3,106.48
Vancouver Grizzlies,24,7,17,1.8,3.6,0.9,2.1,43.1,0.1,0.3,28.6,1.7,2.2,75.5,0.3,1.1,1.4,0.3,0.8,0.4,0.2,1.3,-1.1,105.19
Golden State Warriors,23,11,12,2.1,4.6,1.3,3.1,40.3,0.2,0.5,36.4,1.9,2.4,78.6,1.0,1.4,2.4,0.7,0.7,0.2,0.2,1.3,0.3,98.13
Orlando Magic,23,14,9,2.0,3.7,1.0,2.8,35.4,0.1,0.8,16.7,1.5,2.0,74.5,0.4,1.5,1.9,0.6,0.6,0.4,0.1,0.9,0.6,94.65
Philadelphia 76ers,23,10,13,2.0,3.7,1.0,2.6,40.7,0.2,0.3,50.0,1.5,2.3,64.2,0.6,1.0,1.5,0.6,1.0,0.5,0.3,1.4,-0.4,101.28
Atlanta Hawks,22,13,9,1.9,3.9,1.0,3.3,30.1,0.2,1.0,21.7,1.6,2.1,76.6,1.0,0.9,1.9,0.5,0.4,0.3,0.3,1.2,0.7,96.44
Sacramento Kings,22,16,6,1.9,5.0,1.4,3.0,44.8,0.4,1.1,36.0,1.9,2.5,73.2,0.6,1.2,1.8,0.7,0.5,0.1,0.2,1.2,1.1,109.21
Los Angeles Lakers,21,12,9,1.2,3.6,1.1,2.0,54.8,0.3,0.6,50.0,1.1,1.5,71.9,0.4,0.7,1.1,0.7,0.2,0.0,0.1,1.0,0.4,106.39
Miami Heat,21,12,9,1.9,3.7,0.9,2.8,32.8,0.4,0.7,53.3,1.5,1.8,84.2,0.5,1.2,1.7,0.5,0.5,0.3,0.4,1.0,0.5,92.78
New York Knicks,21,10,11,1.9,3.3,1.0,2.8,37.3,0.1,0.8,17.6,1.0,1.3,78.6,0.5,1.4,1.9,0.5,1.0,0.4,0.3,1.3,-0.2,96.67
Portland Trail Blazers,21,12,9,1.8,4.0,1.2,3.0,41.3,0.1,0.6,23.1,1.4,2.0,73.2,0.6,0.8,1.4,0.6,0.4,0.3,0.2,1.1,0.4,102.5
Phoenix Suns,20,8,12,1.8,3.5,1.2,3.5,34.3,0.1,0.8,12.5,1.0,1.2,79.2,0.7,1.2,1.9,0.9,0.5,0.6,0.1,1.4,-0.5,106.32
Washington Wizards,20,7,13,1.8,3.8,1.2,2.7,44.4,0.4,0.8,46.7,1.1,1.4,77.8,0.1,1.1,1.2,0.7,0.6,0.2,0.2,1.7,-1.7,109.72
Los Angeles Clippers,19,5,14,1.8,3.6,1.2,3.6,33.8,0.2,1.1,19.0,0.9,1.1,90.0,0.7,0.8,1.5,0.4,0.5,0.2,0.2,2.0,-1.4,102.51
San Antonio Spurs,18,11,7,2.1,4.7,1.3,3.2,41.4,0.2,0.4,50.0,1.8,2.7,67.3,0.6,1.3,1.9,1.1,0.6,0.3,0.3,1.1,0.6,101.36
Boston Celtics,17,7,10,1.9,3.4,0.9,3.1,30.2,0.2,0.8,30.8,1.3,2.1,61.1,0.9,1.1,1.9,0.2,0.5,0.2,0.2,1.0,-0.4,95.21
Dallas Mavericks,17,5,12,1.7,2.9,1.1,2.7,41.3,0.0,0.8,0.0,0.7,1.2,60.0,0.7,1.1,1.8,0.4,0.6,0.4,0.1,1.0,-0.4,96.94
Minnesota Timberwolves,17,7,10,1.9,3.9,1.1,2.9,38.0,0.0,0.1,0.0,1.7,1.8,93.5,0.7,1.1,1.8,0.6,0.7,0.2,0.2,1.6,-0.8,102.18
Denver Nuggets,16,8,8,1.8,3.5,1.0,2.7,37.2,0.4,0.9,50.0,1.1,1.8,60.7,0.8,0.9,1.7,0.5,0.5,0.1,0.2,1.4,-0.6,97.63
New Jersey Nets,16,7,9,1.9,3.5,0.9,3.3,28.3,0.1,0.4,14.3,1.6,2.1,75.8,1.0,1.2,2.2,0.3,0.7,0.1,0.1,1.1,-0.3,103.23
Toronto Raptors,16,9,7,2.2,5.1,1.5,3.8,39.3,0.3,0.6,55.6,1.8,2.6,70.7,0.8,1.4,2.2,0.6,0.5,0.4,0.4,1.6,0.6,105.69
Utah Jazz,14,8,6,2.2,5.1,1.4,3.5,38.8,0.1,0.5,28.6,2.3,3.0,76.2,0.6,1.8,2.4,1.1,0.4,0.4,0.5,0.9,1.7,97.16
Chicago Bulls,13,5,8,2.6,3.4,1.1,3.8,28.0,0.0,1.5,0.0,1.2,1.9,64.0,0.5,1.7,2.2,0.8,0.5,0.6,0.3,1.3,-1.1,90.26
Cleveland Cavaliers,11,5,6,1.9,2.7,0.7,2.9,25.0,0.0,0.5,0.0,1.3,1.7,73.7,0.9,0.9,1.8,0.5,0.7,0.4,0.1,1.5,-1.0,92.38
Houston Rockets,11,7,4,2.0,3.8,1.1,3.2,34.3,0.4,1.0,36.4,1.3,1.5,82.4,0.7,1.4,2.1,0.8,0.9,0.0,0.5,0.7,0.4,101.24
